<?xml version="1.0" encoding="UTF-8"?>
<root>
  <item name="android.widget.AbsListView int getCacheColorHint()">
    <annotation name="androidx.annotation.ColorInt"/>
  </item>
  <item name="android.widget.AbsListView void setCacheColorHint(int) 0">
    <annotation name="androidx.annotation.ColorInt"/>
  </item>
  <item name="android.widget.AbsListView void setSelector(int) 0">
    <annotation name="androidx.annotation.DrawableRes"/>
  </item>
  <item name="android.widget.AbsSpinner int getAutofillType()">
    <annotation name="androidx.annotation.IntDef">
      <val name="value" val="{android.view.View.AUTOFILL_TYPE_NONE, android.view.View.AUTOFILL_TYPE_TEXT, android.view.View.AUTOFILL_TYPE_TOGGLE, android.view.View.AUTOFILL_TYPE_LIST, android.view.View.AUTOFILL_TYPE_DATE}" />
    </annotation>
  </item>
  <item name="android.widget.ActionMenuView void setPopupTheme(int) 0">
    <annotation name="androidx.annotation.StyleRes"/>
  </item>
  <item name="android.widget.AdapterView void setFocusable(int) 0">
    <annotation name="androidx.annotation.IntDef">
      <val name="value" val="{android.view.View.NOT_FOCUSABLE, android.view.View.FOCUSABLE, android.view.View.FOCUSABLE_AUTO}" />
    </annotation>
  </item>
  <item name="android.widget.ArrayAdapter ArrayAdapter(android.content.Context, int) 1">
    <annotation name="androidx.annotation.LayoutRes"/>
  </item>
  <item name="android.widget.ArrayAdapter ArrayAdapter(android.content.Context, int, T[]) 1">
    <annotation name="androidx.annotation.LayoutRes"/>
  </item>
  <item name="android.widget.ArrayAdapter ArrayAdapter(android.content.Context, int, int) 1">
    <annotation name="androidx.annotation.LayoutRes"/>
  </item>
  <item name="android.widget.ArrayAdapter ArrayAdapter(android.content.Context, int, int) 2">
    <annotation name="androidx.annotation.IdRes"/>
  </item>
  <item name="android.widget.ArrayAdapter ArrayAdapter(android.content.Context, int, int, T[]) 1">
    <annotation name="androidx.annotation.LayoutRes"/>
  </item>
  <item name="android.widget.ArrayAdapter ArrayAdapter(android.content.Context, int, int, T[]) 2">
    <annotation name="androidx.annotation.IdRes"/>
  </item>
  <item name="android.widget.ArrayAdapter ArrayAdapter(android.content.Context, int, int, java.util.List<T>) 1">
    <annotation name="androidx.annotation.LayoutRes"/>
  </item>
  <item name="android.widget.ArrayAdapter ArrayAdapter(android.content.Context, int, int, java.util.List<T>) 2">
    <annotation name="androidx.annotation.IdRes"/>
  </item>
  <item name="android.widget.ArrayAdapter ArrayAdapter(android.content.Context, int, java.util.List<T>) 1">
    <annotation name="androidx.annotation.LayoutRes"/>
  </item>
  <item name="android.widget.ArrayAdapter android.widget.ArrayAdapter&lt;java.lang.CharSequence&gt; createFromResource(android.content.Context, int, int) 1">
    <annotation name="androidx.annotation.ArrayRes"/>
  </item>
  <item name="android.widget.ArrayAdapter android.widget.ArrayAdapter&lt;java.lang.CharSequence&gt; createFromResource(android.content.Context, int, int) 2">
    <annotation name="androidx.annotation.LayoutRes"/>
  </item>
  <item name="android.widget.ArrayAdapter void setDropDownViewResource(int) 0">
    <annotation name="androidx.annotation.LayoutRes"/>
  </item>
  <item name="android.widget.AutoCompleteTextView void setDropDownBackgroundResource(int) 0">
    <annotation name="androidx.annotation.DrawableRes"/>
  </item>
  <item name="android.widget.CalendarView CalendarView(android.content.Context, android.util.AttributeSet, int) 2">
    <annotation name="androidx.annotation.AttrRes"/>
  </item>
  <item name="android.widget.CalendarView CalendarView(android.content.Context, android.util.AttributeSet, int, int) 2">
    <annotation name="androidx.annotation.AttrRes"/>
  </item>
  <item name="android.widget.CalendarView CalendarView(android.content.Context, android.util.AttributeSet, int, int) 3">
    <annotation name="androidx.annotation.StyleRes"/>
  </item>
  <item name="android.widget.CalendarView int getDateTextAppearance()">
    <annotation name="androidx.annotation.StyleRes"/>
  </item>
  <item name="android.widget.CalendarView int getFocusedMonthDateColor()">
    <annotation name="androidx.annotation.ColorInt"/>
  </item>
  <item name="android.widget.CalendarView int getSelectedWeekBackgroundColor()">
    <annotation name="androidx.annotation.ColorInt"/>
  </item>
  <item name="android.widget.CalendarView int getUnfocusedMonthDateColor()">
    <annotation name="androidx.annotation.ColorInt"/>
  </item>
  <item name="android.widget.CalendarView int getWeekDayTextAppearance()">
    <annotation name="androidx.annotation.StyleRes"/>
  </item>
  <item name="android.widget.CalendarView int getWeekNumberColor()">
    <annotation name="androidx.annotation.ColorInt"/>
  </item>
  <item name="android.widget.CalendarView int getWeekSeparatorLineColor()">
    <annotation name="androidx.annotation.ColorInt"/>
  </item>
  <item name="android.widget.CalendarView void setDateTextAppearance(int) 0">
    <annotation name="androidx.annotation.StyleRes"/>
  </item>
  <item name="android.widget.CalendarView void setFocusedMonthDateColor(int) 0">
    <annotation name="androidx.annotation.ColorInt"/>
  </item>
  <item name="android.widget.CalendarView void setSelectedDateVerticalBar(int) 0">
    <annotation name="androidx.annotation.DrawableRes"/>
  </item>
  <item name="android.widget.CalendarView void setSelectedWeekBackgroundColor(int) 0">
    <annotation name="androidx.annotation.ColorInt"/>
  </item>
  <item name="android.widget.CalendarView void setUnfocusedMonthDateColor(int) 0">
    <annotation name="androidx.annotation.ColorInt"/>
  </item>
  <item name="android.widget.CalendarView void setWeekDayTextAppearance(int) 0">
    <annotation name="androidx.annotation.StyleRes"/>
  </item>
  <item name="android.widget.CalendarView void setWeekNumberColor(int) 0">
    <annotation name="androidx.annotation.ColorInt"/>
  </item>
  <item name="android.widget.CalendarView void setWeekSeparatorLineColor(int) 0">
    <annotation name="androidx.annotation.ColorInt"/>
  </item>
  <item name="android.widget.CheckedTextView void setCheckMarkDrawable(int) 0">
    <annotation name="androidx.annotation.DrawableRes"/>
  </item>
  <item name="android.widget.CompoundButton int getAutofillType()">
    <annotation name="androidx.annotation.IntDef">
      <val name="value" val="{android.view.View.AUTOFILL_TYPE_NONE, android.view.View.AUTOFILL_TYPE_TEXT, android.view.View.AUTOFILL_TYPE_TOGGLE, android.view.View.AUTOFILL_TYPE_LIST, android.view.View.AUTOFILL_TYPE_DATE}" />
    </annotation>
  </item>
  <item name="android.widget.CompoundButton void setButtonDrawable(int) 0">
    <annotation name="androidx.annotation.DrawableRes"/>
  </item>
  <item name="android.widget.CursorAdapter android.database.Cursor runQueryOnBackgroundThread(java.lang.CharSequence)">
    <annotation name="androidx.annotation.WorkerThread"/>
  </item>
  <item name="android.widget.DatePicker int getAutofillType()">
    <annotation name="androidx.annotation.IntDef">
      <val name="value" val="{android.view.View.AUTOFILL_TYPE_NONE, android.view.View.AUTOFILL_TYPE_TEXT, android.view.View.AUTOFILL_TYPE_TOGGLE, android.view.View.AUTOFILL_TYPE_LIST, android.view.View.AUTOFILL_TYPE_DATE}" />
    </annotation>
  </item>
  <item name="android.widget.EdgeEffect int getColor()">
    <annotation name="androidx.annotation.ColorInt"/>
  </item>
  <item name="android.widget.EdgeEffect void setColor(int) 0">
    <annotation name="androidx.annotation.ColorInt"/>
  </item>
  <item name="android.widget.FrameLayout FrameLayout(android.content.Context, android.util.AttributeSet, int) 2">
    <annotation name="androidx.annotation.AttrRes"/>
  </item>
  <item name="android.widget.FrameLayout FrameLayout(android.content.Context, android.util.AttributeSet, int, int) 2">
    <annotation name="androidx.annotation.AttrRes"/>
  </item>
  <item name="android.widget.FrameLayout FrameLayout(android.content.Context, android.util.AttributeSet, int, int) 3">
    <annotation name="androidx.annotation.StyleRes"/>
  </item>
  <item name="android.widget.GridLayout int getAlignmentMode()">
    <annotation name="androidx.annotation.IntDef">
      <val name="value" val="{android.widget.GridLayout.ALIGN_BOUNDS, android.widget.GridLayout.ALIGN_MARGINS}" />
    </annotation>
  </item>
  <item name="android.widget.GridLayout int getOrientation()">
    <annotation name="androidx.annotation.IntDef">
      <val name="value" val="{android.widget.GridLayout.HORIZONTAL, android.widget.GridLayout.VERTICAL}" />
    </annotation>
  </item>
  <item name="android.widget.GridLayout void setAlignmentMode(int) 0">
    <annotation name="androidx.annotation.IntDef">
      <val name="value" val="{android.widget.GridLayout.ALIGN_BOUNDS, android.widget.GridLayout.ALIGN_MARGINS}" />
    </annotation>
  </item>
  <item name="android.widget.GridLayout void setOrientation(int) 0">
    <annotation name="androidx.annotation.IntDef">
      <val name="value" val="{android.widget.GridLayout.HORIZONTAL, android.widget.GridLayout.VERTICAL}" />
    </annotation>
  </item>
  <item name="android.widget.GridView int getStretchMode()">
    <annotation name="androidx.annotation.IntDef">
      <val name="value" val="{android.widget.GridView.NO_STRETCH, android.widget.GridView.STRETCH_SPACING, android.widget.GridView.STRETCH_COLUMN_WIDTH, android.widget.GridView.STRETCH_SPACING_UNIFORM}" />
    </annotation>
  </item>
  <item name="android.widget.GridView void setStretchMode(int) 0">
    <annotation name="androidx.annotation.IntDef">
      <val name="value" val="{android.widget.GridView.NO_STRETCH, android.widget.GridView.STRETCH_SPACING, android.widget.GridView.STRETCH_COLUMN_WIDTH, android.widget.GridView.STRETCH_SPACING_UNIFORM}" />
    </annotation>
  </item>
  <item name="android.widget.ImageSwitcher void setImageResource(int) 0">
    <annotation name="androidx.annotation.DrawableRes"/>
  </item>
  <item name="android.widget.ImageView void setImageResource(int) 0">
    <annotation name="androidx.annotation.DrawableRes"/>
  </item>
  <item name="android.widget.LinearLayout int getOrientation()">
    <annotation name="androidx.annotation.IntDef">
      <val name="value" val="{android.widget.LinearLayout.HORIZONTAL, android.widget.LinearLayout.VERTICAL}" />
    </annotation>
  </item>
  <item name="android.widget.LinearLayout int getShowDividers()">
    <annotation name="androidx.annotation.IntDef">
      <val name="flag" val="true" />
      <val name="value" val="{android.widget.LinearLayout.SHOW_DIVIDER_NONE, android.widget.LinearLayout.SHOW_DIVIDER_BEGINNING, android.widget.LinearLayout.SHOW_DIVIDER_MIDDLE, android.widget.LinearLayout.SHOW_DIVIDER_END}" />
    </annotation>
  </item>
  <item name="android.widget.LinearLayout void onRtlPropertiesChanged(int) 0">
    <annotation name="androidx.annotation.IntDef">
      <val name="value" val="{android.view.View.LAYOUT_DIRECTION_LTR, android.view.View.LAYOUT_DIRECTION_RTL}" />
    </annotation>
  </item>
  <item name="android.widget.LinearLayout void setOrientation(int) 0">
    <annotation name="androidx.annotation.IntDef">
      <val name="value" val="{android.widget.LinearLayout.HORIZONTAL, android.widget.LinearLayout.VERTICAL}" />
    </annotation>
  </item>
  <item name="android.widget.LinearLayout void setShowDividers(int) 0">
    <annotation name="androidx.annotation.IntDef">
      <val name="flag" val="true" />
      <val name="value" val="{android.widget.LinearLayout.SHOW_DIVIDER_NONE, android.widget.LinearLayout.SHOW_DIVIDER_BEGINNING, android.widget.LinearLayout.SHOW_DIVIDER_MIDDLE, android.widget.LinearLayout.SHOW_DIVIDER_END}" />
    </annotation>
  </item>
  <item name="android.widget.ListPopupWindow ListPopupWindow(android.content.Context, android.util.AttributeSet, int) 2">
    <annotation name="androidx.annotation.AttrRes"/>
  </item>
  <item name="android.widget.ListPopupWindow ListPopupWindow(android.content.Context, android.util.AttributeSet, int, int) 2">
    <annotation name="androidx.annotation.AttrRes"/>
  </item>
  <item name="android.widget.ListPopupWindow ListPopupWindow(android.content.Context, android.util.AttributeSet, int, int) 3">
    <annotation name="androidx.annotation.StyleRes"/>
  </item>
  <item name="android.widget.ListPopupWindow int getAnimationStyle()">
    <annotation name="androidx.annotation.StyleRes"/>
  </item>
  <item name="android.widget.ListPopupWindow void setAnimationStyle(int) 0">
    <annotation name="androidx.annotation.StyleRes"/>
  </item>
  <item name="android.widget.Magnifier void show(float, float) 0">
    <annotation name="androidx.annotation.FloatRange">
      <val name="from" val="0" />
    </annotation>
  </item>
  <item name="android.widget.Magnifier void show(float, float) 1">
    <annotation name="androidx.annotation.FloatRange">
      <val name="from" val="0" />
    </annotation>
  </item>
  <item name="android.widget.NumberPicker void drawableStateChanged()">
    <annotation name="androidx.annotation.CallSuper"/>
  </item>
  <item name="android.widget.NumberPicker void jumpDrawablesToCurrentState()">
    <annotation name="androidx.annotation.CallSuper"/>
  </item>
  <item name="android.widget.NumberPicker.OnScrollListener void onScrollStateChange(android.widget.NumberPicker, int) 1">
    <annotation name="androidx.annotation.IntDef">
      <val name="value" val="{android.widget.NumberPicker.OnScrollListener.SCROLL_STATE_IDLE, android.widget.NumberPicker.OnScrollListener.SCROLL_STATE_TOUCH_SCROLL, android.widget.NumberPicker.OnScrollListener.SCROLL_STATE_FLING}" />
    </annotation>
  </item>
  <item name="android.widget.PopupMenu void inflate(int) 0">
    <annotation name="androidx.annotation.MenuRes"/>
  </item>
  <item name="android.widget.PopupWindow int getSoftInputMode()">
    <annotation name="androidx.annotation.IntDef">
      <val name="flag" val="true" />
      <val name="value" val="{android.view.WindowManager.LayoutParams.SOFT_INPUT_STATE_UNSPECIFIED, android.view.WindowManager.LayoutParams.SOFT_INPUT_STATE_UNCHANGED, android.view.WindowManager.LayoutParams.SOFT_INPUT_STATE_HIDDEN, android.view.WindowManager.LayoutParams.SOFT_INPUT_STATE_ALWAYS_HIDDEN, android.view.WindowManager.LayoutParams.SOFT_INPUT_STATE_VISIBLE, android.view.WindowManager.LayoutParams.SOFT_INPUT_STATE_ALWAYS_VISIBLE, android.view.WindowManager.LayoutParams.SOFT_INPUT_ADJUST_UNSPECIFIED, android.view.WindowManager.LayoutParams.SOFT_INPUT_ADJUST_RESIZE, android.view.WindowManager.LayoutParams.SOFT_INPUT_ADJUST_PAN, android.view.WindowManager.LayoutParams.SOFT_INPUT_ADJUST_NOTHING, android.view.WindowManager.LayoutParams.SOFT_INPUT_IS_FORWARD_NAVIGATION}" />
    </annotation>
  </item>
  <item name="android.widget.PopupWindow void setSoftInputMode(int) 0">
    <annotation name="androidx.annotation.IntDef">
      <val name="flag" val="true" />
      <val name="value" val="{android.view.WindowManager.LayoutParams.SOFT_INPUT_STATE_UNSPECIFIED, android.view.WindowManager.LayoutParams.SOFT_INPUT_STATE_UNCHANGED, android.view.WindowManager.LayoutParams.SOFT_INPUT_STATE_HIDDEN, android.view.WindowManager.LayoutParams.SOFT_INPUT_STATE_ALWAYS_HIDDEN, android.view.WindowManager.LayoutParams.SOFT_INPUT_STATE_VISIBLE, android.view.WindowManager.LayoutParams.SOFT_INPUT_STATE_ALWAYS_VISIBLE, android.view.WindowManager.LayoutParams.SOFT_INPUT_ADJUST_UNSPECIFIED, android.view.WindowManager.LayoutParams.SOFT_INPUT_ADJUST_RESIZE, android.view.WindowManager.LayoutParams.SOFT_INPUT_ADJUST_PAN, android.view.WindowManager.LayoutParams.SOFT_INPUT_ADJUST_NOTHING, android.view.WindowManager.LayoutParams.SOFT_INPUT_IS_FORWARD_NAVIGATION}" />
    </annotation>
  </item>
  <item name="android.widget.ProgressBar void setInterpolator(android.content.Context, int) 1">
    <annotation name="androidx.annotation.InterpolatorRes"/>
  </item>
  <item name="android.widget.RadioGroup int getAutofillType()">
    <annotation name="androidx.annotation.IntDef">
      <val name="value" val="{android.view.View.AUTOFILL_TYPE_NONE, android.view.View.AUTOFILL_TYPE_TEXT, android.view.View.AUTOFILL_TYPE_TOGGLE, android.view.View.AUTOFILL_TYPE_LIST, android.view.View.AUTOFILL_TYPE_DATE}" />
    </annotation>
  </item>
  <item name="android.widget.RadioGroup int getCheckedRadioButtonId()">
    <annotation name="androidx.annotation.IdRes"/>
  </item>
  <item name="android.widget.RadioGroup void check(int) 0">
    <annotation name="androidx.annotation.IdRes"/>
  </item>
  <item name="android.widget.RadioGroup.OnCheckedChangeListener void onCheckedChanged(android.widget.RadioGroup, int) 1">
    <annotation name="androidx.annotation.IdRes"/>
  </item>
  <item name="android.widget.RemoteViews void setTextColor(int, int) 1">
    <annotation name="androidx.annotation.ColorInt"/>
  </item>
  <item name="android.widget.SimpleAdapter SimpleAdapter(android.content.Context, java.util.List<?extendsjava.util.Map<java.lang.String,?>>, int, java.lang.String[], int[]) 2">
    <annotation name="androidx.annotation.LayoutRes"/>
  </item>
  <item name="android.widget.SimpleAdapter SimpleAdapter(android.content.Context, java.util.List<?extendsjava.util.Map<java.lang.String,?>>, int, java.lang.String[], int[]) 4">
    <annotation name="androidx.annotation.IdRes"/>
  </item>
  <item name="android.widget.Spinner void setPopupBackgroundResource(int) 0">
    <annotation name="androidx.annotation.DrawableRes"/>
  </item>
  <item name="android.widget.Switch void setSwitchTextAppearance(android.content.Context, int) 1">
    <annotation name="androidx.annotation.StyleRes"/>
  </item>
  <item name="android.widget.Switch void setThumbResource(int) 0">
    <annotation name="androidx.annotation.DrawableRes"/>
  </item>
  <item name="android.widget.Switch void setTrackResource(int) 0">
    <annotation name="androidx.annotation.DrawableRes"/>
  </item>
  <item name="android.widget.TabWidget void setDividerDrawable(int) 0">
    <annotation name="androidx.annotation.DrawableRes"/>
  </item>
  <item name="android.widget.TabWidget void setLeftStripDrawable(int) 0">
    <annotation name="androidx.annotation.DrawableRes"/>
  </item>
  <item name="android.widget.TabWidget void setRightStripDrawable(int) 0">
    <annotation name="androidx.annotation.DrawableRes"/>
  </item>
  <item name="android.widget.TextView android.os.LocaleList getTextLocales()">
    <annotation name="androidx.annotation.Size">
      <val name="min" val="1" />
    </annotation>
  </item>
  <item name="android.widget.TextView int getAutoSizeTextType()">
    <annotation name="androidx.annotation.IntDef">
      <val name="value" val="{android.widget.TextView.AUTO_SIZE_TEXT_TYPE_NONE, android.widget.TextView.AUTO_SIZE_TEXT_TYPE_UNIFORM}" />
    </annotation>
  </item>
  <item name="android.widget.TextView int getAutofillType()">
    <annotation name="androidx.annotation.IntDef">
      <val name="value" val="{android.view.View.AUTOFILL_TYPE_NONE, android.view.View.AUTOFILL_TYPE_TEXT, android.view.View.AUTOFILL_TYPE_TOGGLE, android.view.View.AUTOFILL_TYPE_LIST, android.view.View.AUTOFILL_TYPE_DATE}" />
    </annotation>
  </item>
  <item name="android.widget.TextView int getBreakStrategy()">
    <annotation name="androidx.annotation.IntDef">
      <val name="value" val="{android.text.Layout.BREAK_STRATEGY_SIMPLE, android.text.Layout.BREAK_STRATEGY_HIGH_QUALITY, android.text.Layout.BREAK_STRATEGY_BALANCED}" />
    </annotation>
  </item>
  <item name="android.widget.TextView int getCurrentHintTextColor()">
    <annotation name="androidx.annotation.ColorInt"/>
  </item>
  <item name="android.widget.TextView int getCurrentTextColor()">
    <annotation name="androidx.annotation.ColorInt"/>
  </item>
  <item name="android.widget.TextView int getHighlightColor()">
    <annotation name="androidx.annotation.ColorInt"/>
  </item>
  <item name="android.widget.TextView int getHyphenationFrequency()">
    <annotation name="androidx.annotation.IntDef">
      <val name="value" val="{android.text.Layout.HYPHENATION_FREQUENCY_NORMAL, android.text.Layout.HYPHENATION_FREQUENCY_FULL, android.text.Layout.HYPHENATION_FREQUENCY_NONE}" />
    </annotation>
  </item>
  <item name="android.widget.TextView int getJustificationMode()">
    <annotation name="androidx.annotation.IntDef">
      <val name="value" val="{android.text.Layout.JUSTIFICATION_MODE_NONE, android.text.Layout.JUSTIFICATION_MODE_INTER_WORD}" />
    </annotation>
  </item>
  <item name="android.widget.TextView int getShadowColor()">
    <annotation name="androidx.annotation.ColorInt"/>
  </item>
  <item name="android.widget.TextView void setAutoSizeTextTypeWithDefaults(int) 0">
    <annotation name="androidx.annotation.IntDef">
      <val name="value" val="{android.widget.TextView.AUTO_SIZE_TEXT_TYPE_NONE, android.widget.TextView.AUTO_SIZE_TEXT_TYPE_UNIFORM}" />
    </annotation>
  </item>
  <item name="android.widget.TextView void setBreakStrategy(int) 0">
    <annotation name="androidx.annotation.IntDef">
      <val name="value" val="{android.text.Layout.BREAK_STRATEGY_SIMPLE, android.text.Layout.BREAK_STRATEGY_HIGH_QUALITY, android.text.Layout.BREAK_STRATEGY_BALANCED}" />
    </annotation>
  </item>
  <item name="android.widget.TextView void setCompoundDrawablesRelativeWithIntrinsicBounds(int, int, int, int) 0">
    <annotation name="androidx.annotation.DrawableRes"/>
  </item>
  <item name="android.widget.TextView void setCompoundDrawablesRelativeWithIntrinsicBounds(int, int, int, int) 1">
    <annotation name="androidx.annotation.DrawableRes"/>
  </item>
  <item name="android.widget.TextView void setCompoundDrawablesRelativeWithIntrinsicBounds(int, int, int, int) 2">
    <annotation name="androidx.annotation.DrawableRes"/>
  </item>
  <item name="android.widget.TextView void setCompoundDrawablesRelativeWithIntrinsicBounds(int, int, int, int) 3">
    <annotation name="androidx.annotation.DrawableRes"/>
  </item>
  <item name="android.widget.TextView void setCompoundDrawablesWithIntrinsicBounds(int, int, int, int) 0">
    <annotation name="androidx.annotation.DrawableRes"/>
  </item>
  <item name="android.widget.TextView void setCompoundDrawablesWithIntrinsicBounds(int, int, int, int) 1">
    <annotation name="androidx.annotation.DrawableRes"/>
  </item>
  <item name="android.widget.TextView void setCompoundDrawablesWithIntrinsicBounds(int, int, int, int) 2">
    <annotation name="androidx.annotation.DrawableRes"/>
  </item>
  <item name="android.widget.TextView void setCompoundDrawablesWithIntrinsicBounds(int, int, int, int) 3">
    <annotation name="androidx.annotation.DrawableRes"/>
  </item>
  <item name="android.widget.TextView void setFirstBaselineToTopHeight(int) 0">
    <annotation name="androidx.annotation.Px"/>
    <annotation name="androidx.annotation.IntRange">
      <val name="from" val="0" />
    </annotation>
  </item>
  <item name="android.widget.TextView void setHighlightColor(int) 0">
    <annotation name="androidx.annotation.ColorInt"/>
  </item>
  <item name="android.widget.TextView void setHint(int) 0">
    <annotation name="androidx.annotation.StringRes"/>
  </item>
  <item name="android.widget.TextView void setHintTextColor(int) 0">
    <annotation name="androidx.annotation.ColorInt"/>
  </item>
  <item name="android.widget.TextView void setHyphenationFrequency(int) 0">
    <annotation name="androidx.annotation.IntDef">
      <val name="value" val="{android.text.Layout.HYPHENATION_FREQUENCY_NORMAL, android.text.Layout.HYPHENATION_FREQUENCY_FULL, android.text.Layout.HYPHENATION_FREQUENCY_NONE}" />
    </annotation>
  </item>
  <item name="android.widget.TextView void setInputExtras(int) 0">
    <annotation name="androidx.annotation.XmlRes"/>
  </item>
  <item name="android.widget.TextView void setJustificationMode(int)">
    <annotation name="androidx.annotation.IntDef">
      <val name="value" val="{android.text.Layout.JUSTIFICATION_MODE_NONE, android.text.Layout.JUSTIFICATION_MODE_INTER_WORD}" />
    </annotation>
  </item>
  <item name="android.widget.TextView void setJustificationMode(int) 0">
    <annotation name="androidx.annotation.IntDef">
      <val name="value" val="{android.text.Layout.JUSTIFICATION_MODE_NONE, android.text.Layout.JUSTIFICATION_MODE_INTER_WORD}" />
    </annotation>
  </item>
  <item name="android.widget.TextView void setLastBaselineToBottomHeight(int) 0">
    <annotation name="androidx.annotation.Px"/>
    <annotation name="androidx.annotation.IntRange">
      <val name="from" val="0" />
    </annotation>
  </item>
  <item name="android.widget.TextView void setLineHeight(int) 0">
    <annotation name="androidx.annotation.Px"/>
    <annotation name="androidx.annotation.IntRange">
      <val name="from" val="0" />
    </annotation>
  </item>
  <item name="android.widget.TextView void setLinkTextColor(int) 0">
    <annotation name="androidx.annotation.ColorInt"/>
  </item>
  <item name="android.widget.TextView void setText(int) 0">
    <annotation name="androidx.annotation.StringRes"/>
  </item>
  <item name="android.widget.TextView void setText(int, android.widget.TextView.BufferType) 0">
    <annotation name="androidx.annotation.StringRes"/>
  </item>
  <item name="android.widget.TextView void setTextAppearance(android.content.Context, int) 1">
    <annotation name="androidx.annotation.StyleRes"/>
  </item>
  <item name="android.widget.TextView void setTextAppearance(int) 0">
    <annotation name="androidx.annotation.StyleRes"/>
  </item>
  <item name="android.widget.TextView void setTextColor(int) 0">
    <annotation name="androidx.annotation.ColorInt"/>
  </item>
  <item name="android.widget.TextView void setTextLocales(android.os.LocaleList) 0">
    <annotation name="androidx.annotation.Size">
      <val name="min" val="1" />
    </annotation>
  </item>
  <item name="android.widget.TextView void setTypeface(android.graphics.Typeface, int) 1">
    <annotation name="androidx.annotation.IntDef">
      <val name="value" val="{android.graphics.Typeface.NORMAL, android.graphics.Typeface.BOLD, android.graphics.Typeface.ITALIC, android.graphics.Typeface.BOLD_ITALIC}" />
    </annotation>
  </item>
  <item name="android.widget.TimePicker int getAutofillType()">
    <annotation name="androidx.annotation.IntDef">
      <val name="value" val="{android.view.View.AUTOFILL_TYPE_NONE, android.view.View.AUTOFILL_TYPE_TEXT, android.view.View.AUTOFILL_TYPE_TOGGLE, android.view.View.AUTOFILL_TYPE_LIST, android.view.View.AUTOFILL_TYPE_DATE}" />
    </annotation>
  </item>
  <item name="android.widget.TimePicker void setHour(int) 0">
    <annotation name="androidx.annotation.IntRange">
      <val name="from" val="0" />
      <val name="to" val="23" />
    </annotation>
  </item>
  <item name="android.widget.TimePicker void setMinute(int) 0">
    <annotation name="androidx.annotation.IntRange">
      <val name="from" val="0" />
      <val name="to" val="59" />
    </annotation>
  </item>
  <item name="android.widget.Toast android.widget.Toast makeText(android.content.Context, int, int) 1">
    <annotation name="androidx.annotation.StringRes"/>
  </item>
  <item name="android.widget.Toast android.widget.Toast makeText(android.content.Context, int, int) 2">
    <annotation name="androidx.annotation.IntDef">
      <val name="value" val="{android.widget.Toast.LENGTH_SHORT, android.widget.Toast.LENGTH_LONG}" />
    </annotation>
  </item>
  <item name="android.widget.Toast android.widget.Toast makeText(android.content.Context, java.lang.CharSequence, int) 2">
    <annotation name="androidx.annotation.IntDef">
      <val name="value" val="{android.widget.Toast.LENGTH_SHORT, android.widget.Toast.LENGTH_LONG}" />
    </annotation>
  </item>
  <item name="android.widget.Toast int getDuration()">
    <annotation name="androidx.annotation.IntDef">
      <val name="value" val="{android.widget.Toast.LENGTH_SHORT, android.widget.Toast.LENGTH_LONG}" />
    </annotation>
  </item>
  <item name="android.widget.Toast void setDuration(int) 0">
    <annotation name="androidx.annotation.IntDef">
      <val name="value" val="{android.widget.Toast.LENGTH_SHORT, android.widget.Toast.LENGTH_LONG}" />
    </annotation>
  </item>
  <item name="android.widget.Toast void setText(int) 0">
    <annotation name="androidx.annotation.StringRes"/>
  </item>
  <item name="android.widget.Toolbar void inflateMenu(int) 0">
    <annotation name="androidx.annotation.MenuRes"/>
  </item>
  <item name="android.widget.Toolbar void onRtlPropertiesChanged(int) 0">
    <annotation name="androidx.annotation.IntDef">
      <val name="value" val="{android.view.View.LAYOUT_DIRECTION_LTR, android.view.View.LAYOUT_DIRECTION_RTL}" />
    </annotation>
  </item>
  <item name="android.widget.Toolbar void setLogo(int) 0">
    <annotation name="androidx.annotation.DrawableRes"/>
  </item>
  <item name="android.widget.Toolbar void setLogoDescription(int) 0">
    <annotation name="androidx.annotation.StringRes"/>
  </item>
  <item name="android.widget.Toolbar void setNavigationContentDescription(int) 0">
    <annotation name="androidx.annotation.StringRes"/>
  </item>
  <item name="android.widget.Toolbar void setNavigationIcon(int) 0">
    <annotation name="androidx.annotation.DrawableRes"/>
  </item>
  <item name="android.widget.Toolbar void setPopupTheme(int) 0">
    <annotation name="androidx.annotation.StyleRes"/>
  </item>
  <item name="android.widget.Toolbar void setSubtitle(int) 0">
    <annotation name="androidx.annotation.StringRes"/>
  </item>
  <item name="android.widget.Toolbar void setSubtitleTextAppearance(android.content.Context, int) 1">
    <annotation name="androidx.annotation.StyleRes"/>
  </item>
  <item name="android.widget.Toolbar void setSubtitleTextColor(int) 0">
    <annotation name="androidx.annotation.ColorInt"/>
  </item>
  <item name="android.widget.Toolbar void setTitle(int) 0">
    <annotation name="androidx.annotation.StringRes"/>
  </item>
  <item name="android.widget.Toolbar void setTitleTextAppearance(android.content.Context, int) 1">
    <annotation name="androidx.annotation.StyleRes"/>
  </item>
  <item name="android.widget.Toolbar void setTitleTextColor(int) 0">
    <annotation name="androidx.annotation.ColorInt"/>
  </item>
  <item name="android.widget.ViewAnimator void setInAnimation(android.content.Context, int) 1">
    <annotation name="androidx.annotation.AnimRes"/>
  </item>
  <item name="android.widget.ViewAnimator void setOutAnimation(android.content.Context, int) 1">
    <annotation name="androidx.annotation.AnimRes"/>
  </item>
</root>

